{"cameraMode":{"drawMode":0,"name":"Shaded","section":"Shading Mode"},"sceneLighting":true,"audioPlay":false,"sceneViewState":{"showFog":true,"showMaterialUpdate":false,"showSkybox":true,"showFlares":true,"showImageEffects":true,"showParticleSystems":true},"in2DMode":false,"pivot":{"x":12.118339538574219,"y":4.918313980102539,"z":6.372068405151367},"rotation":{"x":-0.17312391102313996,"y":0.3494836688041687,"z":-0.0658763125538826,"w":-0.918449878692627},"size":44.188316345214847,"orthographic":false}