{"cameraMode":{"drawMode":0,"name":"Shaded","section":"Shading Mode"},"sceneLighting":true,"audioPlay":false,"sceneViewState":{"showFog":true,"showMaterialUpdate":false,"showSkybox":true,"showFlares":true,"showImageEffects":true,"showParticleSystems":true},"in2DMode":false,"pivot":{"x":-1.7699999809265137,"y":1.0999999046325684,"z":-1.929999828338623},"rotation":{"x":-0.023971600458025934,"y":0.9605122208595276,"z":-0.2630497217178345,"w":-0.08753915876150131},"size":4.0416579246521,"orthographic":false}