{"cameraMode":{"drawMode":0,"name":"Shaded","section":"Shading Mode"},"sceneLighting":true,"audioPlay":false,"sceneViewState":{"showFog":true,"showMaterialUpdate":false,"showSkybox":true,"showFlares":true,"showImageEffects":true,"showParticleSystems":true},"in2DMode":false,"pivot":{"x":6.4384260177612309,"y":-1.5207929611206055,"z":95.29013061523438},"rotation":{"x":0.1800455003976822,"y":0.6495164632797241,"z":-0.1622619479894638,"w":0.7206975221633911},"size":330.4122314453125,"orthographic":false}