{"cameraMode":{"drawMode":0,"name":"Shaded","section":"Shading Mode"},"sceneLighting":true,"audioPlay":false,"sceneViewState":{"showFog":true,"showMaterialUpdate":false,"showSkybox":true,"showFlares":true,"showImageEffects":true,"showParticleSystems":true},"in2DMode":false,"pivot":{"x":-0.8315067291259766,"y":2.0648560523986818,"z":19.39089584350586},"rotation":{"x":-0.09886811673641205,"y":0.6029269695281982,"z":-0.0756446048617363,"w":-0.7880337834358215},"size":38.988319396972659,"orthographic":false}