{"cameraMode":{"drawMode":0,"name":"Shaded","section":"Shading Mode"},"sceneLighting":true,"audioPlay":false,"sceneViewState":{"showFog":true,"showMaterialUpdate":false,"showSkybox":true,"showFlares":true,"showImageEffects":true,"showParticleSystems":true},"in2DMode":false,"pivot":{"x":6.5,"y":2.619999885559082,"z":1.8984999656677247},"rotation":{"x":-0.0005402265815064311,"y":0.9985641241073608,"z":-0.052783094346523288,"w":-0.010185470804572106},"size":9.076682090759278,"orthographic":false}