{"cameraMode":{"drawMode":0,"name":"Shaded","section":"Shading Mode"},"sceneLighting":true,"audioPlay":false,"sceneViewState":{"showFog":true,"showMaterialUpdate":false,"showSkybox":true,"showFlares":true,"showImageEffects":true,"showParticleSystems":true},"in2DMode":false,"pivot":{"x":24.02825927734375,"y":8.119391441345215,"z":15.108636856079102},"rotation":{"x":-0.11754915118217468,"y":0.7189817428588867,"z":-0.12549850344657899,"w":-0.6734345555305481},"size":3.3911759853363039,"orthographic":false}