{"cameraMode":{"drawMode":0,"name":"Shaded","section":"Shading Mode"},"sceneLighting":true,"audioPlay":false,"sceneViewState":{"showFog":true,"showMaterialUpdate":false,"showSkybox":true,"showFlares":true,"showImageEffects":true,"showParticleSystems":true},"in2DMode":false,"pivot":{"x":23.858030319213868,"y":8.883092880249024,"z":13.50002384185791},"rotation":{"x":-0.0867554247379303,"y":0.8325963020324707,"z":-0.136337548494339,"w":-0.5297983884811401},"size":3.3911759853363039,"orthographic":false}